--
-- PostgreSQL database dump
--

\restrict KW5N77GykGbgJ4FKeQydyZJfuXKtkcZaDXhb1d4VYbTptVr5I4wlKyfBpxkJYO4

-- Dumped from database version 16.10
-- Dumped by pg_dump version 16.10

SET statement_timeout = 0;
SET lock_timeout = 0;
SET idle_in_transaction_session_timeout = 0;
SET client_encoding = 'UTF8';
SET standard_conforming_strings = on;
SELECT pg_catalog.set_config('search_path', '', false);
SET check_function_bodies = false;
SET xmloption = content;
SET client_min_messages = warning;
SET row_security = off;

--
-- Name: account_role_enum; Type: TYPE; Schema: public; Owner: postgres
--

CREATE TYPE public.account_role_enum AS ENUM (
    'ADMIN',
    'SAS',
    'PMS'
);


ALTER TYPE public.account_role_enum OWNER TO postgres;

--
-- Name: item_status_enum; Type: TYPE; Schema: public; Owner: postgres
--

CREATE TYPE public.item_status_enum AS ENUM (
    'AVAILABLE',
    'BORROWED',
    'FOR_REPAIR',
    'DECOMMISSIONED'
);


ALTER TYPE public.item_status_enum OWNER TO postgres;

--
-- Name: transaction_status_enum; Type: TYPE; Schema: public; Owner: postgres
--

CREATE TYPE public.transaction_status_enum AS ENUM (
    'REQUEST_BORROW',
    'ACCEPT_BORROW',
    'DECLINE_BORROW',
    'REQUEST_ISSUANCE',
    'ACCEPT_ISSUANCE',
    'DECLINE_ISSUANCE',
    'TRANSFERRED_TO_STUDENT',
    'RETURNED',
    'TRANSFERRED_TO_PMS'
);


ALTER TYPE public.transaction_status_enum OWNER TO postgres;

SET default_tablespace = '';

SET default_table_access_method = heap;

--
-- Name: accounts; Type: TABLE; Schema: public; Owner: postgres
--

CREATE TABLE public.accounts (
    id integer NOT NULL,
    name text NOT NULL,
    role text NOT NULL,
    email text NOT NULL,
    contact_number text,
    username text NOT NULL,
    hash_password text NOT NULL,
    is_active boolean DEFAULT true NOT NULL
);


ALTER TABLE public.accounts OWNER TO postgres;

--
-- Name: accounts_id_seq; Type: SEQUENCE; Schema: public; Owner: postgres
--

ALTER TABLE public.accounts ALTER COLUMN id ADD GENERATED ALWAYS AS IDENTITY (
    SEQUENCE NAME public.accounts_id_seq
    START WITH 1
    INCREMENT BY 1
    NO MINVALUE
    NO MAXVALUE
    CACHE 1
);


--
-- Name: courses; Type: TABLE; Schema: public; Owner: postgres
--

CREATE TABLE public.courses (
    id integer NOT NULL,
    name text NOT NULL,
    code text NOT NULL,
    college text NOT NULL
);


ALTER TABLE public.courses OWNER TO postgres;

--
-- Name: courses_id_seq; Type: SEQUENCE; Schema: public; Owner: postgres
--

ALTER TABLE public.courses ALTER COLUMN id ADD GENERATED ALWAYS AS IDENTITY (
    SEQUENCE NAME public.courses_id_seq
    START WITH 1
    INCREMENT BY 1
    NO MINVALUE
    NO MAXVALUE
    CACHE 1
);


--
-- Name: transactions; Type: TABLE; Schema: public; Owner: postgres
--

CREATE TABLE public.transactions (
    id integer NOT NULL,
    status text NOT NULL,
    student_number text NOT NULL,
    item_id integer NOT NULL
);


ALTER TABLE public.transactions OWNER TO postgres;

--
-- Name: cycles_id_seq; Type: SEQUENCE; Schema: public; Owner: postgres
--

ALTER TABLE public.transactions ALTER COLUMN id ADD GENERATED ALWAYS AS IDENTITY (
    SEQUENCE NAME public.cycles_id_seq
    START WITH 1
    INCREMENT BY 1
    NO MINVALUE
    NO MAXVALUE
    CACHE 1
);


--
-- Name: images; Type: TABLE; Schema: public; Owner: postgres
--

CREATE TABLE public.images (
    uuid uuid NOT NULL,
    file_name text NOT NULL,
    mime_type text NOT NULL,
    file_size text NOT NULL,
    file_path text NOT NULL,
    date timestamp without time zone DEFAULT CURRENT_TIMESTAMP NOT NULL
);


ALTER TABLE public.images OWNER TO postgres;

--
-- Name: imports; Type: TABLE; Schema: public; Owner: postgres
--

CREATE TABLE public.imports (
    uuid uuid NOT NULL,
    target_table text NOT NULL,
    file_name text NOT NULL,
    file_path text NOT NULL,
    file_size integer NOT NULL,
    mime_type text NOT NULL,
    date timestamp without time zone DEFAULT CURRENT_TIMESTAMP NOT NULL,
    inserts integer NOT NULL,
    updates integer NOT NULL
);


ALTER TABLE public.imports OWNER TO postgres;

--
-- Name: items; Type: TABLE; Schema: public; Owner: postgres
--

CREATE TABLE public.items (
    id integer NOT NULL,
    name text NOT NULL,
    description text NOT NULL,
    image_uuid uuid,
    is_available boolean DEFAULT true NOT NULL
);


ALTER TABLE public.items OWNER TO postgres;

--
-- Name: items_id_seq; Type: SEQUENCE; Schema: public; Owner: postgres
--

ALTER TABLE public.items ALTER COLUMN id ADD GENERATED ALWAYS AS IDENTITY (
    SEQUENCE NAME public.items_id_seq
    START WITH 1
    INCREMENT BY 1
    NO MINVALUE
    NO MAXVALUE
    CACHE 1
);


--
-- Name: notifications; Type: TABLE; Schema: public; Owner: postgres
--

CREATE TABLE public.notifications (
    id integer NOT NULL,
    mode text NOT NULL,
    account_id integer NOT NULL,
    transaction_id integer NOT NULL,
    is_read boolean DEFAULT false NOT NULL,
    is_processed boolean DEFAULT false NOT NULL,
    date timestamp without time zone DEFAULT CURRENT_TIMESTAMP NOT NULL
);


ALTER TABLE public.notifications OWNER TO postgres;

--
-- Name: notifications_id_seq; Type: SEQUENCE; Schema: public; Owner: postgres
--

CREATE SEQUENCE public.notifications_id_seq
    AS integer
    START WITH 1
    INCREMENT BY 1
    NO MINVALUE
    NO MAXVALUE
    CACHE 1;


ALTER SEQUENCE public.notifications_id_seq OWNER TO postgres;

--
-- Name: notifications_id_seq; Type: SEQUENCE OWNED BY; Schema: public; Owner: postgres
--

ALTER SEQUENCE public.notifications_id_seq OWNED BY public.notifications.id;


--
-- Name: stocks; Type: TABLE; Schema: public; Owner: postgres
--

CREATE TABLE public.stocks (
    serial_number text NOT NULL,
    item_id integer NOT NULL,
    status text NOT NULL,
    condition text NOT NULL
);


ALTER TABLE public.stocks OWNER TO postgres;

--
-- Name: students; Type: TABLE; Schema: public; Owner: postgres
--

CREATE TABLE public.students (
    student_number text NOT NULL,
    course_id integer NOT NULL,
    year integer NOT NULL,
    section text NOT NULL,
    email text NOT NULL,
    contact_number text,
    is_active boolean DEFAULT true NOT NULL,
    name text NOT NULL
);


ALTER TABLE public.students OWNER TO postgres;

--
-- Name: transaction_events; Type: TABLE; Schema: public; Owner: postgres
--

CREATE TABLE public.transaction_events (
    transaction_id integer NOT NULL,
    type text NOT NULL,
    date timestamp without time zone DEFAULT CURRENT_TIMESTAMP NOT NULL,
    personnel_id integer NOT NULL,
    comment text
);


ALTER TABLE public.transaction_events OWNER TO postgres;

--
-- Name: transaction_stocks; Type: TABLE; Schema: public; Owner: postgres
--

CREATE TABLE public.transaction_stocks (
    transaction_id integer NOT NULL,
    stock_serial_number text NOT NULL,
    condition_returning text,
    condition_releasing text
);


ALTER TABLE public.transaction_stocks OWNER TO postgres;

--
-- Name: notifications id; Type: DEFAULT; Schema: public; Owner: postgres
--

ALTER TABLE ONLY public.notifications ALTER COLUMN id SET DEFAULT nextval('public.notifications_id_seq'::regclass);


--
-- Data for Name: accounts; Type: TABLE DATA; Schema: public; Owner: postgres
--

COPY public.accounts (id, name, role, email, contact_number, username, hash_password, is_active) FROM stdin;
2	Acee Medinaceli	ADMIN	medinaceli.a.bscs@gmail.com	\N	acee	$2b$12$vUheTfw5m3qGAh1aiHXa6ulPPb/vh.WhaGR2C2xsH5xE3dwg2nVjy	t
5	Rodrigo Duterte	PMS	nimummydummy@gmail.com	0962323223232	Rodrigo Duterte	$2b$12$r/qC9xOnh5AvyeJ0S19FwuHUhQB3i7jbouQ9Z9rRO0gN9sGD3mOIW	t
6	Rolan Samonte	ADMIN	samonterolanjay@gmail.com	\N	rolan	$2b$12$OVQQV4xE1fChs1RQd.t2o.7tPR1OTmHD0s5gxrnQegksx9Z/oJQWe	t
4	Acee Medinaceli	PMS	acee@gmail.com	\N	aceepms	$2b$12$rzE42CiHbAvakNu0wl9XXutDZFkY1m4UHx4Cz7dYX/iM53Vjj1mk6	t
3	Clifford Martinez	SAS	cliff@gmail.com	\N	cliffsas	$2b$12$uXjttYmXBN7pCMh0AEOhKOnhmKhLZ1rwCo4WdyGBJPggLyr4L3vdy	t
8	Emjay Ramento	SAS	emajy@ramento.com	\N	emjay	$2b$12$h5mrGYoA/E/aTW3hISn57eXVeu4tfLLCLnHsdpTW9khYVXq52WXrC	t
1	superadmin	ADMIN	mama23@gmail.com	\N	superadmin	1234	t
7	Emman Seron	PMS	emman@seron.com	\N	emman	$2b$12$ph.2uh7/3CoE.9xMhyMBUuSseqNO89ptpIUhemhEfyEpG8.wHUraG	f
9	Adrian Kurt Nacu	PMS	adrian_kurt_nacu@gmail.com	0999999909	adipms	$2b$12$AjnDTDfjmRVQGdepdf/Xaew/Mx9Kytcow54oMQ0nNt0R1KE0rH6Ja	t
\.


--
-- Data for Name: courses; Type: TABLE DATA; Schema: public; Owner: postgres
--

COPY public.courses (id, name, code, college) FROM stdin;
1	Bachelor of Science in Computer Science	BSCS	College of Computing Studies
2	Bachelor of Science in Civil Engineering	BSCE	College of Engineering
\.


--
-- Data for Name: images; Type: TABLE DATA; Schema: public; Owner: postgres
--

COPY public.images (uuid, file_name, mime_type, file_size, file_path, date) FROM stdin;
0ed33b8d-f27a-4af4-b9a0-a239e5fbf942	Monitor-0ed33b8d-f27a-4af4-b9a0-a239e5fbf942.jpg	image/jpeg	4172	item_images\\Monitor-0ed33b8d-f27a-4af4-b9a0-a239e5fbf942.jpg	2026-05-26 14:12:42.30953
de82c330-079f-48be-a95a-6620f7759ba2	Mouse-de82c330-079f-48be-a95a-6620f7759ba2.jpg	image/jpeg	12311	item_images\\Mouse-de82c330-079f-48be-a95a-6620f7759ba2.jpg	2026-05-26 14:15:13.137005
baea2a1d-4051-4e80-9629-6f6a6cc06822	Tablet-baea2a1d-4051-4e80-9629-6f6a6cc06822.webp	image/webp	8148	item_images\\Tablet-baea2a1d-4051-4e80-9629-6f6a6cc06822.webp	2026-05-26 14:15:23.314701
ad7d0f69-83ae-4546-887b-f7e749080965	Keyboard-ad7d0f69-83ae-4546-887b-f7e749080965.jpg	image/jpeg	15073	item_images\\Keyboard-ad7d0f69-83ae-4546-887b-f7e749080965.jpg	2026-05-26 14:15:32.54808
ed75fdda-ef32-47b3-8791-3130f2edbc92	Earphones-ed75fdda-ef32-47b3-8791-3130f2edbc92.jpg	image/jpeg	88956	item_images\\Earphones-ed75fdda-ef32-47b3-8791-3130f2edbc92.jpg	2026-06-02 15:24:22.071633
\.


--
-- Data for Name: imports; Type: TABLE DATA; Schema: public; Owner: postgres
--

COPY public.imports (uuid, target_table, file_name, file_path, file_size, mime_type, date, inserts, updates) FROM stdin;
44711463-18d5-43f8-a4d5-34fdf13dadb9	STUDENT	05-12-26;09-28-57.csv	C:\\Users\\Rolan\\ProgProjs\\digital_inventory_system\\student_imports\\05-12-26;09-28-57.csv	118	text/plain	2026-05-12 09:28:57.963775	1	0
bde8fff2-e0ec-4bc9-b3a4-8bae32f4e874	STUDENT	05-12-26;11-45-11.xlsx	C:\\Users\\Rolan\\ProgProjs\\digital_inventory_system\\student_imports\\05-12-26;11-45-11.xlsx	5069	application/vnd.openxmlformats-officedocument.spreadsheetml.sheet	2026-05-12 11:45:11.335842	1	0
4da31d49-eb49-402b-85c5-04327f416213	STUDENT	05-12-26;12-03-37.xlsx	C:\\Users\\Rolan\\ProgProjs\\digital_inventory_system\\student_imports\\05-12-26;12-03-37.xlsx	5069	application/vnd.openxmlformats-officedocument.spreadsheetml.sheet	2026-05-12 12:03:37.371252	0	1
753f1046-7848-4073-884e-ef40da56216a	STUDENT	05-12-26;12-29-08.xlsx	C:\\Users\\Rolan\\ProgProjs\\digital_inventory_system\\app\\student\\student_imports\\05-12-26;12-29-08.xlsx	5069	application/vnd.openxmlformats-officedocument.spreadsheetml.sheet	2026-05-12 12:29:08.017813	0	1
6d5015cc-1649-4a98-a70b-a00ffec0f913	STUDENT	05-12-26;12-32-31.xlsx	student_imports\\05-12-26;12-32-31.xlsx	5069	application/vnd.openxmlformats-officedocument.spreadsheetml.sheet	2026-05-12 12:32:31.420602	0	1
0ab9b963-f961-4b2c-8b0b-836035f48fd2	STOCKS	05-18-26;10-42-43.xlsx	student_imports\\05-18-26;10-42-43.xlsx	5037	application/vnd.openxmlformats-officedocument.spreadsheetml.sheet	2026-05-18 10:42:43.269285	2	0
403a5c73-d516-4170-97eb-a046fe6e8da1	STOCKS	05-18-26;13-50-32.xlsx	student_imports\\05-18-26;13-50-32.xlsx	5036	application/vnd.openxmlformats-officedocument.spreadsheetml.sheet	2026-05-18 13:50:32.820683	1	1
48f6cf46-4f31-4923-b0c8-7bbf59749429	STOCKS	05-18-26;16-30-33.xlsx	student_imports\\05-18-26;16-30-33.xlsx	5037	application/vnd.openxmlformats-officedocument.spreadsheetml.sheet	2026-05-18 16:30:33.266166	1	1
0716c40b-951f-4e89-b755-63bfd190dd6b	STOCKS	05-19-26;16-47-03.xlsx	student_imports\\05-19-26;16-47-03.xlsx	5037	application/vnd.openxmlformats-officedocument.spreadsheetml.sheet	2026-05-19 16:47:03.67362	0	2
b8ec168d-b176-4761-8d5a-0419979174fe	STUDENT	05-19-26;16-53-34.xlsx	student_imports\\05-19-26;16-53-34.xlsx	5180	application/vnd.openxmlformats-officedocument.spreadsheetml.sheet	2026-05-19 16:53:34.688337	1	2
c89166f8-9c21-42b5-af86-4b10ac9ae1e1	STUDENT	05-19-26;16-54-59.xlsx	student_imports\\05-19-26;16-54-59.xlsx	5181	application/vnd.openxmlformats-officedocument.spreadsheetml.sheet	2026-05-19 16:54:59.441796	0	3
7e93a0d8-7653-4708-9f72-590265fb8bc3	STOCKS	05-20-26;10-19-40.xlsx	student_imports\\05-20-26;10-19-40.xlsx	5036	application/vnd.openxmlformats-officedocument.spreadsheetml.sheet	2026-05-20 10:19:40.412143	2	0
1e877897-dede-483d-8006-0b4cf5c621e3	STUDENT	05-20-26;17-27-00.xlsx	student_imports\\05-20-26;17-27-00.xlsx	5179	application/vnd.openxmlformats-officedocument.spreadsheetml.sheet	2026-05-20 17:27:00.488785	0	3
d4ff0f2c-ac7b-4071-820c-601212aae67a	STUDENT	06-02-26;11-54-20.xlsx	student_imports\\06-02-26;11-54-20.xlsx	5180	application/vnd.openxmlformats-officedocument.spreadsheetml.sheet	2026-06-02 11:54:20.801665	0	3
\.


--
-- Data for Name: items; Type: TABLE DATA; Schema: public; Owner: postgres
--

COPY public.items (id, name, description, image_uuid, is_available) FROM stdin;
1	Tablet	2GB RAM 64GB ROM Quad-Core Processor	baea2a1d-4051-4e80-9629-6f6a6cc06822	t
2	Monitor	1000000Hz, 3000W	0ed33b8d-f27a-4af4-b9a0-a239e5fbf942	t
4	Keyboard	Mechanical Keyboard: Rakk Sinag Pro	ad7d0f69-83ae-4546-887b-f7e749080965	t
5	Video Graphics Card	RTX 5090	\N	t
3	Mouse	Rakk Dasig X3	de82c330-079f-48be-a95a-6620f7759ba2	t
6	Earphones	IEM - TRN MT4 2DD with HC003ABK wire	ed75fdda-ef32-47b3-8791-3130f2edbc92	t
\.


--
-- Data for Name: notifications; Type: TABLE DATA; Schema: public; Owner: postgres
--

COPY public.notifications (id, mode, account_id, transaction_id, is_read, is_processed, date) FROM stdin;
6	ACCEPT_BORROW	1	23	f	f	2026-05-19 16:36:29.463656
3	REQUEST_BORROW	1	23	f	t	2026-05-19 16:35:58.836889
9	ACCEPT_BORROW	1	24	f	f	2026-05-20 09:38:42.373329
15	REQUEST_ISSUANCE	5	25	f	f	2026-05-20 09:40:10.612744
16	REQUEST_ISSUANCE	1	25	f	f	2026-05-20 09:40:10.612744
104	REQUEST_BORROW	3	35	t	t	2026-05-20 17:20:19.362204
12	REQUEST_BORROW	1	25	f	t	2026-05-20 09:39:39.019869
55	ACCEPT_BORROW	1	29	f	t	2026-05-20 13:53:51.785012
105	REQUEST_BORROW	1	35	f	t	2026-05-20 17:20:19.362204
5	ACCEPT_BORROW	3	23	t	f	2026-05-19 16:36:29.463656
52	REQUEST_BORROW	1	29	f	t	2026-05-20 13:53:31.548548
62	ACCEPT_ISSUANCE	1	29	f	f	2026-05-20 13:58:10.110048
2	REQUEST_BORROW	3	23	t	t	2026-05-19 16:35:58.836889
8	ACCEPT_BORROW	3	24	t	f	2026-05-20 09:38:42.373329
11	REQUEST_BORROW	3	25	t	t	2026-05-20 09:39:39.019869
54	ACCEPT_BORROW	3	29	t	t	2026-05-20 13:53:51.785012
51	REQUEST_BORROW	3	29	t	t	2026-05-20 13:53:31.548548
58	REQUEST_ISSUANCE	5	29	f	t	2026-05-20 13:54:11.251507
59	REQUEST_ISSUANCE	1	29	f	t	2026-05-20 13:54:11.251507
22	ACCEPT_BORROW	1	26	f	f	2026-05-20 10:56:14.961356
61	ACCEPT_ISSUANCE	3	29	t	f	2026-05-20 13:58:10.110048
19	REQUEST_BORROW	1	26	f	t	2026-05-20 09:48:02.343017
21	ACCEPT_BORROW	3	26	t	f	2026-05-20 10:56:14.961356
65	REQUEST_BORROW	1	30	f	f	2026-05-20 14:10:35.957206
57	REQUEST_ISSUANCE	4	29	t	t	2026-05-20 13:54:11.251507
18	REQUEST_BORROW	3	26	t	t	2026-05-20 09:48:02.343017
64	REQUEST_BORROW	3	30	t	f	2026-05-20 14:10:35.957206
34	ACCEPT_ISSUANCE	3	27	t	t	2026-05-20 13:23:23.219854
27	ACCEPT_BORROW	3	27	t	t	2026-05-20 13:16:14.401257
31	REQUEST_ISSUANCE	5	27	f	t	2026-05-20 13:20:15.744268
32	REQUEST_ISSUANCE	1	27	f	t	2026-05-20 13:20:15.744268
121	REQUEST_BORROW	1	40	f	t	2026-05-26 13:15:36.496574
122	REQUEST_BORROW	6	40	f	t	2026-05-26 13:15:36.496574
35	ACCEPT_ISSUANCE	1	27	f	t	2026-05-20 13:23:23.219854
38	RETURNED	5	27	f	f	2026-05-20 13:25:38.967059
39	RETURNED	1	27	f	f	2026-05-20 13:25:38.967059
42	REQUEST_ISSUANCE	5	27	f	f	2026-05-20 13:26:56.202813
43	REQUEST_ISSUANCE	1	27	f	f	2026-05-20 13:26:56.202813
124	REQUEST_BORROW	8	40	f	t	2026-05-26 13:15:36.496574
28	ACCEPT_BORROW	1	27	f	t	2026-05-20 13:16:14.401257
25	REQUEST_BORROW	1	27	f	t	2026-05-20 13:13:46.495592
24	REQUEST_BORROW	3	27	t	t	2026-05-20 13:13:46.495592
48	ACCEPT_BORROW	3	28	t	f	2026-05-20 13:40:54.136734
49	ACCEPT_BORROW	1	28	f	f	2026-05-20 13:40:54.136734
46	REQUEST_BORROW	1	28	f	t	2026-05-20 13:35:38.812557
45	REQUEST_BORROW	3	28	t	t	2026-05-20 13:35:38.812557
142	REQUEST_ISSUANCE	5	41	f	t	2026-06-01 11:14:22.124702
41	REQUEST_ISSUANCE	4	27	t	f	2026-05-20 13:26:56.202813
37	RETURNED	4	27	t	f	2026-05-20 13:25:38.967059
30	REQUEST_ISSUANCE	4	27	t	t	2026-05-20 13:20:15.744268
14	REQUEST_ISSUANCE	4	25	t	f	2026-05-20 09:40:10.612744
113	REQUEST_BORROW	3	39	t	t	2026-05-26 13:09:38.017317
123	REQUEST_BORROW	3	40	t	t	2026-05-26 13:15:36.496574
134	REQUEST_BORROW	3	41	t	t	2026-06-01 11:09:45.671433
111	REQUEST_BORROW	1	39	f	t	2026-05-26 13:09:38.017317
112	REQUEST_BORROW	6	39	f	t	2026-05-26 13:09:38.017317
114	REQUEST_BORROW	8	39	f	t	2026-05-26 13:09:38.017317
143	REQUEST_ISSUANCE	1	41	f	t	2026-06-01 11:14:22.124702
144	REQUEST_ISSUANCE	6	41	f	t	2026-06-01 11:14:22.124702
145	REQUEST_ISSUANCE	7	41	f	t	2026-06-01 11:14:22.124702
146	REQUEST_ISSUANCE	4	41	f	t	2026-06-01 11:14:22.124702
153	RETURNED	5	41	f	f	2026-06-01 11:18:17.631325
154	RETURNED	1	41	f	f	2026-06-01 11:18:17.631325
155	RETURNED	6	41	f	f	2026-06-01 11:18:17.631325
156	RETURNED	7	41	f	f	2026-06-01 11:18:17.631325
157	RETURNED	4	41	f	f	2026-06-01 11:18:17.631325
132	REQUEST_BORROW	1	41	f	t	2026-06-01 11:09:45.671433
133	REQUEST_BORROW	6	41	f	t	2026-06-01 11:09:45.671433
135	REQUEST_BORROW	8	41	f	t	2026-06-01 11:09:45.671433
175	REQUEST_ISSUANCE	5	42	f	t	2026-06-02 12:38:46.605122
176	REQUEST_ISSUANCE	1	42	f	t	2026-06-02 12:38:46.605122
177	REQUEST_ISSUANCE	6	42	f	t	2026-06-02 12:38:46.605122
178	REQUEST_ISSUANCE	7	42	f	t	2026-06-02 12:38:46.605122
120	REQUEST_BORROW	2	40	t	t	2026-05-26 13:15:36.496574
103	REQUEST_BORROW	2	35	t	t	2026-05-20 17:20:19.362204
4	ACCEPT_BORROW	2	23	t	f	2026-05-19 16:36:29.463656
1	REQUEST_BORROW	2	23	t	t	2026-05-19 16:35:58.836889
53	ACCEPT_BORROW	2	29	t	t	2026-05-20 13:53:51.785012
179	REQUEST_ISSUANCE	4	42	f	t	2026-06-02 12:38:46.605122
186	RETURNED	5	42	f	f	2026-06-02 13:48:05.578582
187	RETURNED	1	42	f	f	2026-06-02 13:48:05.578582
188	RETURNED	6	42	f	f	2026-06-02 13:48:05.578582
189	RETURNED	7	42	f	f	2026-06-02 13:48:05.578582
190	RETURNED	4	42	f	f	2026-06-02 13:48:05.578582
101	REQUEST_BORROW	3	34	t	t	2026-05-20 17:19:06.876354
71	ACCEPT_BORROW	1	31	f	f	2026-05-20 16:55:30.560571
68	REQUEST_BORROW	1	31	f	t	2026-05-20 16:52:34.947707
102	REQUEST_BORROW	1	34	f	t	2026-05-20 17:19:06.876354
137	ACCEPT_BORROW	1	41	f	t	2026-06-01 11:11:17.601373
138	ACCEPT_BORROW	6	41	f	t	2026-06-01 11:11:17.601373
108	REQUEST_ISSUANCE	5	35	f	t	2026-05-20 17:20:34.138099
80	REQUEST_ISSUANCE	5	32	f	f	2026-05-20 17:04:01.191357
81	REQUEST_ISSUANCE	1	32	f	f	2026-05-20 17:04:01.191357
109	REQUEST_ISSUANCE	1	35	f	t	2026-05-20 17:20:34.138099
77	ACCEPT_BORROW	1	32	f	t	2026-05-20 17:03:07.026494
67	REQUEST_BORROW	3	31	t	t	2026-05-20 16:52:34.947707
74	REQUEST_BORROW	1	32	f	t	2026-05-20 17:02:37.93352
70	ACCEPT_BORROW	3	31	t	f	2026-05-20 16:55:30.560571
79	REQUEST_ISSUANCE	4	32	t	f	2026-05-20 17:04:01.191357
76	ACCEPT_BORROW	3	32	t	t	2026-05-20 17:03:07.026494
73	REQUEST_BORROW	3	32	t	t	2026-05-20 17:02:37.93352
90	ACCEPT_ISSUANCE	3	33	t	t	2026-05-20 17:09:36.352132
83	REQUEST_BORROW	3	33	t	t	2026-05-20 17:08:01.640679
139	ACCEPT_BORROW	3	41	t	t	2026-06-01 11:11:17.601373
87	REQUEST_ISSUANCE	5	33	f	t	2026-05-20 17:08:57.105081
88	REQUEST_ISSUANCE	1	33	f	t	2026-05-20 17:08:57.105081
86	REQUEST_ISSUANCE	4	33	t	t	2026-05-20 17:08:57.105081
118	ACCEPT_BORROW	3	39	t	f	2026-05-26 13:12:09.283438
91	ACCEPT_ISSUANCE	1	33	f	t	2026-05-20 17:09:36.352132
94	RETURNED	5	33	f	f	2026-05-20 17:11:35.182086
95	RETURNED	1	33	f	f	2026-05-20 17:11:35.182086
98	REQUEST_ISSUANCE	5	33	f	f	2026-05-20 17:12:23.586904
99	REQUEST_ISSUANCE	1	33	f	f	2026-05-20 17:12:23.586904
172	ACCEPT_BORROW	3	42	t	t	2026-06-02 11:41:03.035103
84	REQUEST_BORROW	1	33	f	t	2026-05-20 17:08:01.640679
150	ACCEPT_ISSUANCE	3	41	t	t	2026-06-01 11:15:20.515966
140	ACCEPT_BORROW	8	41	f	t	2026-06-01 11:11:17.601373
170	ACCEPT_BORROW	1	42	f	t	2026-06-02 11:41:03.035103
136	ACCEPT_BORROW	2	41	t	t	2026-06-01 11:11:17.601373
100	REQUEST_BORROW	2	34	t	t	2026-05-20 17:19:06.876354
97	REQUEST_ISSUANCE	4	33	t	f	2026-05-20 17:12:23.586904
93	RETURNED	4	33	t	f	2026-05-20 17:11:35.182086
183	ACCEPT_ISSUANCE	3	42	t	t	2026-06-02 13:24:06.327774
167	REQUEST_BORROW	3	42	t	t	2026-06-02 11:01:11.294541
107	REQUEST_ISSUANCE	4	35	t	t	2026-05-20 17:20:34.138099
116	ACCEPT_BORROW	1	39	f	f	2026-05-26 13:12:09.283438
117	ACCEPT_BORROW	6	39	f	f	2026-05-26 13:12:09.283438
119	ACCEPT_BORROW	8	39	f	f	2026-05-26 13:12:09.283438
126	REQUEST_ISSUANCE	5	40	f	f	2026-05-26 13:16:56.061605
127	REQUEST_ISSUANCE	1	40	f	f	2026-05-26 13:16:56.061605
128	REQUEST_ISSUANCE	6	40	f	f	2026-05-26 13:16:56.061605
129	REQUEST_ISSUANCE	7	40	f	f	2026-05-26 13:16:56.061605
130	REQUEST_ISSUANCE	4	40	f	f	2026-05-26 13:16:56.061605
171	ACCEPT_BORROW	6	42	f	t	2026-06-02 11:41:03.035103
173	ACCEPT_BORROW	8	42	f	t	2026-06-02 11:41:03.035103
50	REQUEST_BORROW	2	29	t	t	2026-05-20 13:53:31.548548
13	REQUEST_ISSUANCE	2	25	t	f	2026-05-20 09:40:10.612744
148	ACCEPT_ISSUANCE	1	41	f	t	2026-06-01 11:15:20.515966
149	ACCEPT_ISSUANCE	6	41	f	t	2026-06-01 11:15:20.515966
151	ACCEPT_ISSUANCE	8	41	f	t	2026-06-01 11:15:20.515966
159	REQUEST_ISSUANCE	5	41	f	f	2026-06-01 11:19:24.594526
160	REQUEST_ISSUANCE	1	41	f	f	2026-06-01 11:19:24.594526
161	REQUEST_ISSUANCE	6	41	f	f	2026-06-01 11:19:24.594526
162	REQUEST_ISSUANCE	7	41	f	f	2026-06-01 11:19:24.594526
163	REQUEST_ISSUANCE	4	41	f	f	2026-06-01 11:19:24.594526
106	REQUEST_ISSUANCE	2	35	t	t	2026-05-20 17:20:34.138099
47	ACCEPT_BORROW	2	28	t	f	2026-05-20 13:40:54.136734
44	REQUEST_BORROW	2	28	t	t	2026-05-20 13:35:38.812557
181	ACCEPT_ISSUANCE	1	42	f	t	2026-06-02 13:24:06.327774
182	ACCEPT_ISSUANCE	6	42	f	t	2026-06-02 13:24:06.327774
184	ACCEPT_ISSUANCE	8	42	f	t	2026-06-02 13:24:06.327774
192	REQUEST_ISSUANCE	5	42	f	f	2026-06-02 13:53:56.675385
193	REQUEST_ISSUANCE	1	42	f	f	2026-06-02 13:53:56.675385
194	REQUEST_ISSUANCE	6	42	f	f	2026-06-02 13:53:56.675385
195	REQUEST_ISSUANCE	7	42	f	f	2026-06-02 13:53:56.675385
196	REQUEST_ISSUANCE	4	42	f	f	2026-06-02 13:53:56.675385
165	REQUEST_BORROW	1	42	f	t	2026-06-02 11:01:11.294541
166	REQUEST_BORROW	6	42	f	t	2026-06-02 11:01:11.294541
168	REQUEST_BORROW	8	42	f	t	2026-06-02 11:01:11.294541
10	REQUEST_BORROW	2	25	t	t	2026-05-20 09:39:39.019869
7	ACCEPT_BORROW	2	24	t	f	2026-05-20 09:38:42.373329
56	REQUEST_ISSUANCE	2	29	t	t	2026-05-20 13:54:11.251507
20	ACCEPT_BORROW	2	26	t	f	2026-05-20 10:56:14.961356
17	REQUEST_BORROW	2	26	t	t	2026-05-20 09:48:02.343017
63	REQUEST_BORROW	2	30	t	f	2026-05-20 14:10:35.957206
60	ACCEPT_ISSUANCE	2	29	t	f	2026-05-20 13:58:10.110048
29	REQUEST_ISSUANCE	2	27	t	t	2026-05-20 13:20:15.744268
141	REQUEST_ISSUANCE	2	41	t	t	2026-06-01 11:14:22.124702
33	ACCEPT_ISSUANCE	2	27	t	t	2026-05-20 13:23:23.219854
36	RETURNED	2	27	t	f	2026-05-20 13:25:38.967059
40	REQUEST_ISSUANCE	2	27	t	f	2026-05-20 13:26:56.202813
26	ACCEPT_BORROW	2	27	t	t	2026-05-20 13:16:14.401257
23	REQUEST_BORROW	2	27	t	t	2026-05-20 13:13:46.495592
110	REQUEST_BORROW	2	39	t	t	2026-05-26 13:09:38.017317
152	RETURNED	2	41	t	f	2026-06-01 11:18:17.631325
131	REQUEST_BORROW	2	41	t	t	2026-06-01 11:09:45.671433
174	REQUEST_ISSUANCE	2	42	t	t	2026-06-02 12:38:46.605122
185	RETURNED	2	42	t	f	2026-06-02 13:48:05.578582
164	REQUEST_BORROW	2	42	t	t	2026-06-02 11:01:11.294541
69	ACCEPT_BORROW	2	31	t	f	2026-05-20 16:55:30.560571
66	REQUEST_BORROW	2	31	t	t	2026-05-20 16:52:34.947707
75	ACCEPT_BORROW	2	32	t	t	2026-05-20 17:03:07.026494
72	REQUEST_BORROW	2	32	t	t	2026-05-20 17:02:37.93352
78	REQUEST_ISSUANCE	2	32	t	f	2026-05-20 17:04:01.191357
169	ACCEPT_BORROW	2	42	t	t	2026-06-02 11:41:03.035103
85	REQUEST_ISSUANCE	2	33	t	t	2026-05-20 17:08:57.105081
89	ACCEPT_ISSUANCE	2	33	t	t	2026-05-20 17:09:36.352132
92	RETURNED	2	33	t	f	2026-05-20 17:11:35.182086
96	REQUEST_ISSUANCE	2	33	t	f	2026-05-20 17:12:23.586904
82	REQUEST_BORROW	2	33	t	t	2026-05-20 17:08:01.640679
115	ACCEPT_BORROW	2	39	t	f	2026-05-26 13:12:09.283438
125	REQUEST_ISSUANCE	2	40	t	f	2026-05-26 13:16:56.061605
147	ACCEPT_ISSUANCE	2	41	t	t	2026-06-01 11:15:20.515966
158	REQUEST_ISSUANCE	2	41	t	f	2026-06-01 11:19:24.594526
180	ACCEPT_ISSUANCE	2	42	t	t	2026-06-02 13:24:06.327774
191	REQUEST_ISSUANCE	2	42	t	f	2026-06-02 13:53:56.675385
197	REQUEST_BORROW	2	43	f	f	2026-06-02 15:08:42.841677
198	REQUEST_BORROW	6	43	f	f	2026-06-02 15:08:42.841677
200	REQUEST_BORROW	8	43	f	f	2026-06-02 15:08:42.841677
201	REQUEST_BORROW	1	43	f	f	2026-06-02 15:08:42.841677
199	REQUEST_BORROW	3	43	t	f	2026-06-02 15:08:42.841677
\.


--
-- Data for Name: stocks; Type: TABLE DATA; Schema: public; Owner: postgres
--

COPY public.stocks (serial_number, item_id, status, condition) FROM stdin;
12345	1	BORROWED	typeshit2
aaabbb	1	BORROWED	Working
asd	1	BORROWED	DAMAGED
aaa	1	BORROWED	Broken
AAAbbba	1	BORROWED	Working
AAAa	1	DECOMMISSIONED	AAAa
acee	2	BORROWED	nabago_n_ulit
bagong_tablet	1	BORROWED	test add  aaa
6767676	1	BORROWED	sad sa
67	1	BORROWED	testing_kung_nareturn
sads	3	FOR_REPAIR	iniba
qwqwq	3	DECOMMISSIONED	ayos yan bai
123123	4	BORROWED	testing adding stock
444-444	4	BORROWED	aus lng
1	5	AVAILABLE	tatagos ya
AAA	1	AVAILABLE	damaged power button, cracked screen
241234	3	AVAILABLE	Major wear and tear
534324234	3	BORROWED	Brand new
452342345	6	AVAILABLE	Brand new
\.


--
-- Data for Name: students; Type: TABLE DATA; Schema: public; Owner: postgres
--

COPY public.students (student_number, course_id, year, section, email, contact_number, is_active, name) FROM stdin;
224-11793M	1	4	A	samonte.r.bscs@gmail.com	\N	t	Rolan Jay P. Samonte
224-16518M	1	4	B	medinaceli.a.bscs@gmail.com	\N	t	Acee Medinaceli
224-11123M	1	4	A	martinez.j.bscs@gmail.com	\N	t	John Clifford O. Martinez
224-111	1	4	A	ramento.e.bscs@gmail.com	09090909	f	Emjay Ramento
\.


--
-- Data for Name: transaction_events; Type: TABLE DATA; Schema: public; Owner: postgres
--

COPY public.transaction_events (transaction_id, type, date, personnel_id, comment) FROM stdin;
2	REQUEST_BORROW	2026-05-05 15:42:27.063531	1	\N
2	DECLINE_BORROW	2026-05-05 15:45:11.794883	1	No.
3	REQUEST_BORROW	2026-05-05 15:46:20.12724	1	\N
3	ACCEPT_BORROW	2026-05-05 15:47:07.197927	1	\N
3	REQUEST_ISSUANCE	2026-05-05 15:47:07.198929	1	\N
3	ACCEPT_ISSUANCE	2026-05-05 15:49:14.647874	1	\N
3	TRANSFERRED_TO_STUDENT	2026-05-05 15:49:47.637924	1	\N
3	RETURNED	2026-05-05 15:56:36.939643	1	\N
3	TRANSFERRED_TO_PMS	2026-05-05 15:58:55.73533	1	\N
4	REQUEST_BORROW	2026-05-06 14:14:48.858171	1	\N
6	REQUEST_BORROW	2026-05-12 15:24:38.657614	1	\N
6	ACCEPT_BORROW	2026-05-12 15:25:50.60597	1	\N
6	REQUEST_ISSUANCE	2026-05-12 15:25:50.607017	1	\N
6	ACCEPT_ISSUANCE	2026-05-12 15:26:26.893293	1	\N
6	TRANSFERRED_TO_STUDENT	2026-05-12 15:28:37.695628	1	\N
7	REQUEST_BORROW	2026-05-12 15:38:34.14885	1	\N
7	ACCEPT_BORROW	2026-05-12 15:39:41.78491	1	\N
7	REQUEST_ISSUANCE	2026-05-12 15:39:41.785899	1	\N
8	REQUEST_BORROW	2026-05-12 15:41:12.690999	1	\N
8	ACCEPT_BORROW	2026-05-12 15:41:33.418827	1	\N
8	REQUEST_ISSUANCE	2026-05-12 15:41:33.420831	1	\N
8	ACCEPT_ISSUANCE	2026-05-12 15:41:48.624054	1	\N
4	ACCEPT_BORROW	2026-05-15 16:47:15.794607	3	\N
4	REQUEST_ISSUANCE	2026-05-15 16:47:15.825272	3	\N
6	RETURNED	2026-05-15 17:08:49.926903	3	\N
7	ACCEPT_ISSUANCE	2026-05-18 09:48:30.832832	4	\N
4	ACCEPT_ISSUANCE	2026-05-18 09:50:25.004704	4	\N
9	REQUEST_BORROW	2026-05-18 10:04:19.950582	3	\N
9	ACCEPT_BORROW	2026-05-18 10:04:28.590721	3	\N
9	REQUEST_ISSUANCE	2026-05-18 10:04:28.591721	3	\N
8	TRANSFERRED_TO_STUDENT	2026-05-18 13:40:16.359387	3	\N
7	TRANSFERRED_TO_STUDENT	2026-05-18 13:40:19.137739	3	\N
4	TRANSFERRED_TO_STUDENT	2026-05-18 14:13:57.051299	3	\N
10	REQUEST_BORROW	2026-05-18 14:21:31.823661	3	\N
9	ACCEPT_ISSUANCE	2026-05-18 14:22:56.864024	4	\N
10	ACCEPT_BORROW	2026-05-18 14:29:09.476022	2	\N
10	REQUEST_ISSUANCE	2026-05-18 14:29:09.499471	2	\N
11	REQUEST_BORROW	2026-05-18 14:30:27.206912	3	\N
8	RETURNED	2026-05-18 14:44:40.11565	3	\N
7	RETURNED	2026-05-18 14:45:29.272127	3	\N
4	RETURNED	2026-05-18 14:56:24.176077	3	\N
9	TRANSFERRED_TO_STUDENT	2026-05-18 15:02:13.897283	3	\N
6	TRANSFERRED_TO_PMS	2026-05-18 15:14:23.403632	4	\N
8	TRANSFERRED_TO_PMS	2026-05-18 15:15:04.719081	4	\N
11	ACCEPT_BORROW	2026-05-18 15:32:27.032569	2	\N
11	REQUEST_ISSUANCE	2026-05-18 15:32:27.058497	2	\N
4	TRANSFERRED_TO_PMS	2026-05-18 16:07:28.121337	2	\N
7	TRANSFERRED_TO_PMS	2026-05-18 16:08:54.832326	2	\N
9	RETURNED	2026-05-18 16:14:33.15298	2	\N
10	ACCEPT_ISSUANCE	2026-05-18 16:14:45.73646	2	\N
10	TRANSFERRED_TO_STUDENT	2026-05-18 16:15:04.860754	2	\N
9	TRANSFERRED_TO_PMS	2026-05-18 16:15:20.183092	2	\N
10	RETURNED	2026-05-18 16:16:04.817293	2	\N
11	ACCEPT_ISSUANCE	2026-05-18 16:16:23.91514	2	\N
12	REQUEST_BORROW	2026-05-18 16:18:34.416726	3	\N
12	DECLINE_BORROW	2026-05-18 16:21:32.43137	3	testing
13	REQUEST_BORROW	2026-05-18 16:31:56.378511	3	\N
13	ACCEPT_BORROW	2026-05-18 16:32:30.948289	2	\N
11	TRANSFERRED_TO_STUDENT	2026-05-18 16:32:59.561372	2	\N
13	REQUEST_ISSUANCE	2026-05-18 16:41:21.659946	2	\N
13	ACCEPT_ISSUANCE	2026-05-18 16:41:44.045806	2	\N
11	RETURNED	2026-05-18 16:57:05.48658	2	\N
13	TRANSFERRED_TO_STUDENT	2026-05-18 16:58:36.324965	2	\N
13	RETURNED	2026-05-18 17:02:00.43691	2	\N
14	REQUEST_BORROW	2026-05-18 17:41:11.295374	3	\N
14	ACCEPT_BORROW	2026-05-18 17:42:17.287719	3	\N
14	REQUEST_ISSUANCE	2026-05-18 17:42:51.055323	3	\N
14	ACCEPT_ISSUANCE	2026-05-18 17:46:19.087793	2	\N
14	TRANSFERRED_TO_STUDENT	2026-05-18 17:47:06.253406	2	\N
14	RETURNED	2026-05-18 17:47:58.523556	2	\N
14	TRANSFERRED_TO_PMS	2026-05-18 17:48:52.570097	2	\N
15	REQUEST_BORROW	2026-05-19 09:41:10.317848	3	\N
16	REQUEST_BORROW	2026-05-19 10:49:21.533901	3	\N
15	ACCEPT_BORROW	2026-05-19 11:45:36.411154	2	\N
16	ACCEPT_BORROW	2026-05-19 11:48:23.275895	2	\N
15	REQUEST_ISSUANCE	2026-05-19 11:49:03.470146	2	\N
15	DECLINE_ISSUANCE	2026-05-19 14:34:51.7225	4	Ayaw
17	REQUEST_BORROW	2026-05-19 14:46:17.849726	3	\N
17	ACCEPT_BORROW	2026-05-19 14:46:48.84879	3	\N
17	REQUEST_ISSUANCE	2026-05-19 14:46:48.872376	3	\N
18	REQUEST_BORROW	2026-05-19 14:47:40.305931	3	\N
17	ACCEPT_ISSUANCE	2026-05-19 14:51:28.368671	4	\N
17	TRANSFERRED_TO_STUDENT	2026-05-19 14:58:46.704445	3	\N
18	ACCEPT_BORROW	2026-05-19 15:02:41.574117	2	\N
18	REQUEST_ISSUANCE	2026-05-19 15:02:41.591016	2	\N
18	ACCEPT_ISSUANCE	2026-05-19 15:02:47.902019	2	\N
18	TRANSFERRED_TO_STUDENT	2026-05-19 15:40:07.54423	3	\N
18	RETURNED	2026-05-19 15:45:41.317534	2	\N
19	REQUEST_BORROW	2026-05-19 15:52:12.584451	3	\N
19	ACCEPT_BORROW	2026-05-19 15:52:26.020164	3	\N
19	REQUEST_ISSUANCE	2026-05-19 15:52:26.039412	3	\N
19	ACCEPT_ISSUANCE	2026-05-19 15:52:48.892969	4	\N
19	TRANSFERRED_TO_STUDENT	2026-05-19 15:56:12.819829	3	\N
17	RETURNED	2026-05-19 15:56:19.062581	3	\N
13	TRANSFERRED_TO_PMS	2026-05-19 15:56:46.046865	4	\N
18	TRANSFERRED_TO_PMS	2026-05-19 15:56:51.143807	4	\N
17	TRANSFERRED_TO_PMS	2026-05-19 15:56:58.005313	4	\N
16	REQUEST_ISSUANCE	2026-05-19 16:11:41.98841	2	\N
20	REQUEST_BORROW	2026-05-19 16:22:35.578411	3	\N
20	ACCEPT_BORROW	2026-05-19 16:22:48.525502	3	\N
23	REQUEST_BORROW	2026-05-19 16:35:58.836889	3	\N
23	DECLINE_BORROW	2026-05-19 16:36:25.687578	3	asdssadas
24	REQUEST_BORROW	2026-05-19 17:17:51.248905	3	\N
16	ACCEPT_ISSUANCE	2026-05-19 17:29:17.42371	4	\N
24	ACCEPT_BORROW	2026-05-20 09:38:42.344899	2	\N
25	REQUEST_BORROW	2026-05-20 09:39:38.96702	3	\N
25	ACCEPT_BORROW	2026-05-20 09:40:10.589745	2	\N
25	REQUEST_ISSUANCE	2026-05-20 09:40:10.598649	2	\N
25	DECLINE_ISSUANCE	2026-05-20 09:41:02.368063	4	Naur
26	REQUEST_BORROW	2026-05-20 09:48:02.325458	3	\N
26	ACCEPT_BORROW	2026-05-20 10:56:14.899312	2	\N
27	REQUEST_BORROW	2026-05-20 13:13:46.488198	3	\N
27	ACCEPT_BORROW	2026-05-20 13:16:14.398227	3	\N
27	REQUEST_ISSUANCE	2026-05-20 13:20:15.742272	3	\N
27	ACCEPT_ISSUANCE	2026-05-20 13:23:23.217854	4	\N
27	TRANSFERRED_TO_STUDENT	2026-05-20 13:24:14.499013	3	\N
27	RETURNED	2026-05-20 13:25:38.957901	3	\N
27	TRANSFERRED_TO_PMS	2026-05-20 13:26:56.181127	4	\N
28	REQUEST_BORROW	2026-05-20 13:35:38.809556	3	comment hardcode
28	DECLINE_BORROW	2026-05-20 13:40:51.360503	3	comment hardcode
29	REQUEST_BORROW	2026-05-20 13:53:31.545549	3	\N
29	ACCEPT_BORROW	2026-05-20 13:53:51.780897	3	\N
29	REQUEST_ISSUANCE	2026-05-20 13:54:11.249506	3	\N
29	ACCEPT_ISSUANCE	2026-05-20 13:58:10.107971	4	\N
30	REQUEST_BORROW	2026-05-20 14:10:35.952162	3	\N
31	REQUEST_BORROW	2026-05-20 16:52:34.895151	3	\N
31	DECLINE_BORROW	2026-05-20 16:55:26.825502	3	Bawal 'yah
32	REQUEST_BORROW	2026-05-20 17:02:37.897752	3	\N
32	ACCEPT_BORROW	2026-05-20 17:03:06.993858	3	pwede to 'yah
32	REQUEST_ISSUANCE	2026-05-20 17:04:01.152996	3	\N
32	DECLINE_ISSUANCE	2026-05-20 17:04:54.65042	4	di tatagos yah
33	REQUEST_BORROW	2026-05-20 17:08:01.621779	3	\N
33	ACCEPT_BORROW	2026-05-20 17:08:57.05048	3	tatagos na to 'yah pls
33	REQUEST_ISSUANCE	2026-05-20 17:08:57.073149	3	\N
33	ACCEPT_ISSUANCE	2026-05-20 17:09:36.31878	4	Tumagos na yah
33	TRANSFERRED_TO_STUDENT	2026-05-20 17:10:37.085094	3	\N
33	RETURNED	2026-05-20 17:11:35.148493	3	\N
33	TRANSFERRED_TO_PMS	2026-05-20 17:12:23.547948	4	\N
34	REQUEST_BORROW	2026-05-20 17:19:06.85039	3	\N
34	DECLINE_BORROW	2026-05-20 17:19:56.003499	3	dfdgdsfgsdfg
35	REQUEST_BORROW	2026-05-20 17:20:19.347313	3	\N
35	ACCEPT_BORROW	2026-05-20 17:20:34.090974	3	\N
35	REQUEST_ISSUANCE	2026-05-20 17:20:34.113584	3	\N
35	DECLINE_ISSUANCE	2026-05-20 17:21:04.384628	4	Di ka tatagos yah
39	REQUEST_BORROW	2026-05-26 13:09:37.990427	3	\N
39	ACCEPT_BORROW	2026-05-26 13:12:09.25999	3	\N
40	REQUEST_BORROW	2026-05-26 13:15:36.470716	3	\N
40	ACCEPT_BORROW	2026-05-26 13:16:56.017662	3	\N
40	REQUEST_ISSUANCE	2026-05-26 13:16:56.038071	3	\N
41	REQUEST_BORROW	2026-06-01 11:09:45.537555	3	\N
41	ACCEPT_BORROW	2026-06-01 11:11:16.839812	3	\N
41	REQUEST_ISSUANCE	2026-06-01 11:14:22.025743	3	\N
41	ACCEPT_ISSUANCE	2026-06-01 11:15:20.467513	4	\N
41	TRANSFERRED_TO_STUDENT	2026-06-01 11:17:09.531217	3	\N
41	RETURNED	2026-06-01 11:18:17.528422	3	\N
41	TRANSFERRED_TO_PMS	2026-06-01 11:19:24.509453	4	\N
42	REQUEST_BORROW	2026-06-02 11:01:11.256069	3	\N
42	ACCEPT_BORROW	2026-06-02 11:41:03.021007	3	\N
42	REQUEST_ISSUANCE	2026-06-02 12:38:46.580632	3	\N
42	ACCEPT_ISSUANCE	2026-06-02 13:24:06.301798	4	\N
42	TRANSFERRED_TO_STUDENT	2026-06-02 13:27:43.415632	3	\N
42	RETURNED	2026-06-02 13:48:05.537966	3	\N
42	TRANSFERRED_TO_PMS	2026-06-02 13:53:56.638773	4	\N
43	REQUEST_BORROW	2026-06-02 15:08:42.76402	3	\N
\.


--
-- Data for Name: transaction_stocks; Type: TABLE DATA; Schema: public; Owner: postgres
--

COPY public.transaction_stocks (transaction_id, stock_serial_number, condition_returning, condition_releasing) FROM stdin;
2	AAA	\N	\N
3	AAA	Dents all over	Fully Functional
6	12345	Oks	Oks
8	6767676	Test_kung_na_transfer_sa_PMS	Oks pa
7	67	testing_kung_nareturn	OksI
4	AAA	kjgfd	kjgfd
9	asd	DAMAGED	DAMAGED
10	aaa	DAMAGED	Fixed
12	12345	\N	\N
11	acee	nabago_n_ulit	nabago_n_ulit
13	sads	asdasdasdsa	asdasdasdsa
14	6767676	kfda	asdas
15	AAA	\N	\N
16	67	\N	\N
18	12345	typeshit2	typesht
19	aaabbb	\N	Working
17	asd	DAMAGED	DAMAGED
20	12345	\N	\N
23	asd	\N	\N
24	asd	\N	\N
25	aaa	\N	\N
26	aaa	\N	\N
27	bagong_tablet	test add  aaa	test add stock
27	AAAa	AAAa	AAAa
27	6767676	sad sa	kfda
28	bagong_tablet	\N	\N
28	6767676	\N	\N
29	bagong_tablet	\N	\N
30	6767676	\N	\N
31	sads	\N	\N
31	qwqwq	\N	\N
32	sads	\N	\N
32	qwqwq	\N	\N
33	sads	iniba	iniba
33	qwqwq	ayos yan bai	ayos yan bai
34	AAA	\N	\N
35	AAA	\N	\N
39	123123	\N	\N
40	444-444	\N	\N
41	AAA	damaged power button, cracked screen	damaged power button
42	241234	Major wear and tear	Minor wear and tear
43	534324234	\N	\N
\.


--
-- Data for Name: transactions; Type: TABLE DATA; Schema: public; Owner: postgres
--

COPY public.transactions (id, status, student_number, item_id) FROM stdin;
2	DECLINE_BORROW	224-111	1
33	TRANSFERRED_TO_PMS	224-11793M	3
3	TRANSFERRED_TO_PMS	224-111	1
34	DECLINE_BORROW	224-11793M	1
14	TRANSFERRED_TO_PMS	224-11793M	1
35	DECLINE_ISSUANCE	224-11793M	1
15	DECLINE_ISSUANCE	224-111	1
19	TRANSFERRED_TO_STUDENT	224-111	1
6	TRANSFERRED_TO_PMS	224-11793M	1
8	TRANSFERRED_TO_PMS	224-11793M	1
13	TRANSFERRED_TO_PMS	224-111	3
18	TRANSFERRED_TO_PMS	224-111	1
4	TRANSFERRED_TO_PMS	224-111	1
7	TRANSFERRED_TO_PMS	224-11793M	1
17	TRANSFERRED_TO_PMS	224-111	1
9	TRANSFERRED_TO_PMS	224-11793M	1
10	RETURNED	224-111	1
20	ACCEPT_BORROW	224-111	1
12	DECLINE_BORROW	224-111	1
11	RETURNED	224-111	2
23	DECLINE_BORROW	224-11793M	1
16	ACCEPT_ISSUANCE	224-111	1
24	ACCEPT_BORROW	224-16518M	1
25	DECLINE_ISSUANCE	224-16518M	1
26	ACCEPT_BORROW	224-16518M	1
27	TRANSFERRED_TO_PMS	224-11793M	1
28	DECLINE_BORROW	224-11793M	1
29	ACCEPT_ISSUANCE	224-11793M	1
30	REQUEST_BORROW	224-11793M	1
31	DECLINE_BORROW	224-16518M	3
32	DECLINE_ISSUANCE	224-16518M	3
39	ACCEPT_BORROW	224-11793M	4
40	REQUEST_ISSUANCE	224-16518M	4
41	TRANSFERRED_TO_PMS	224-11793M	1
42	TRANSFERRED_TO_PMS	224-11123M	3
43	REQUEST_BORROW	224-16518M	3
\.


--
-- Name: accounts_id_seq; Type: SEQUENCE SET; Schema: public; Owner: postgres
--

SELECT pg_catalog.setval('public.accounts_id_seq', 9, true);


--
-- Name: courses_id_seq; Type: SEQUENCE SET; Schema: public; Owner: postgres
--

SELECT pg_catalog.setval('public.courses_id_seq', 4, true);


--
-- Name: cycles_id_seq; Type: SEQUENCE SET; Schema: public; Owner: postgres
--

SELECT pg_catalog.setval('public.cycles_id_seq', 43, true);


--
-- Name: items_id_seq; Type: SEQUENCE SET; Schema: public; Owner: postgres
--

SELECT pg_catalog.setval('public.items_id_seq', 6, true);


--
-- Name: notifications_id_seq; Type: SEQUENCE SET; Schema: public; Owner: postgres
--

SELECT pg_catalog.setval('public.notifications_id_seq', 201, true);


--
-- Name: accounts accounts_pkey; Type: CONSTRAINT; Schema: public; Owner: postgres
--

ALTER TABLE ONLY public.accounts
    ADD CONSTRAINT accounts_pkey PRIMARY KEY (id);


--
-- Name: courses courses_pkey; Type: CONSTRAINT; Schema: public; Owner: postgres
--

ALTER TABLE ONLY public.courses
    ADD CONSTRAINT courses_pkey PRIMARY KEY (id);


--
-- Name: transactions cycles_pkey; Type: CONSTRAINT; Schema: public; Owner: postgres
--

ALTER TABLE ONLY public.transactions
    ADD CONSTRAINT cycles_pkey PRIMARY KEY (id);


--
-- Name: imports imports_pkey; Type: CONSTRAINT; Schema: public; Owner: postgres
--

ALTER TABLE ONLY public.imports
    ADD CONSTRAINT imports_pkey PRIMARY KEY (uuid);


--
-- Name: images item_images_pkey; Type: CONSTRAINT; Schema: public; Owner: postgres
--

ALTER TABLE ONLY public.images
    ADD CONSTRAINT item_images_pkey PRIMARY KEY (uuid);


--
-- Name: items items_pkey; Type: CONSTRAINT; Schema: public; Owner: postgres
--

ALTER TABLE ONLY public.items
    ADD CONSTRAINT items_pkey PRIMARY KEY (id);


--
-- Name: notifications notifications_pkey; Type: CONSTRAINT; Schema: public; Owner: postgres
--

ALTER TABLE ONLY public.notifications
    ADD CONSTRAINT notifications_pkey PRIMARY KEY (id);


--
-- Name: stocks stocks_pkey; Type: CONSTRAINT; Schema: public; Owner: postgres
--

ALTER TABLE ONLY public.stocks
    ADD CONSTRAINT stocks_pkey PRIMARY KEY (serial_number);


--
-- Name: students students_pkey; Type: CONSTRAINT; Schema: public; Owner: postgres
--

ALTER TABLE ONLY public.students
    ADD CONSTRAINT students_pkey PRIMARY KEY (student_number);


--
-- Name: transaction_events cycle_events_cycle_id_fkey; Type: FK CONSTRAINT; Schema: public; Owner: postgres
--

ALTER TABLE ONLY public.transaction_events
    ADD CONSTRAINT cycle_events_cycle_id_fkey FOREIGN KEY (transaction_id) REFERENCES public.transactions(id);


--
-- Name: transaction_events cycle_events_personnel_id_fkey; Type: FK CONSTRAINT; Schema: public; Owner: postgres
--

ALTER TABLE ONLY public.transaction_events
    ADD CONSTRAINT cycle_events_personnel_id_fkey FOREIGN KEY (personnel_id) REFERENCES public.accounts(id);


--
-- Name: transactions cycles_student_number_fkey; Type: FK CONSTRAINT; Schema: public; Owner: postgres
--

ALTER TABLE ONLY public.transactions
    ADD CONSTRAINT cycles_student_number_fkey FOREIGN KEY (student_number) REFERENCES public.students(student_number);


--
-- Name: items items_image_uuid_fkey; Type: FK CONSTRAINT; Schema: public; Owner: postgres
--

ALTER TABLE ONLY public.items
    ADD CONSTRAINT items_image_uuid_fkey FOREIGN KEY (image_uuid) REFERENCES public.images(uuid) ON DELETE SET NULL;


--
-- Name: notifications notifications_account_id_fkey; Type: FK CONSTRAINT; Schema: public; Owner: postgres
--

ALTER TABLE ONLY public.notifications
    ADD CONSTRAINT notifications_account_id_fkey FOREIGN KEY (account_id) REFERENCES public.accounts(id);


--
-- Name: notifications notifications_transaction_id_fkey; Type: FK CONSTRAINT; Schema: public; Owner: postgres
--

ALTER TABLE ONLY public.notifications
    ADD CONSTRAINT notifications_transaction_id_fkey FOREIGN KEY (transaction_id) REFERENCES public.transactions(id);


--
-- Name: stocks stocks_item_id_fkey; Type: FK CONSTRAINT; Schema: public; Owner: postgres
--

ALTER TABLE ONLY public.stocks
    ADD CONSTRAINT stocks_item_id_fkey FOREIGN KEY (item_id) REFERENCES public.items(id);


--
-- Name: students students_course_id_fkey; Type: FK CONSTRAINT; Schema: public; Owner: postgres
--

ALTER TABLE ONLY public.students
    ADD CONSTRAINT students_course_id_fkey FOREIGN KEY (course_id) REFERENCES public.courses(id);


--
-- Name: transaction_stocks transaction_stocks_stock_serial_number_fkey; Type: FK CONSTRAINT; Schema: public; Owner: postgres
--

ALTER TABLE ONLY public.transaction_stocks
    ADD CONSTRAINT transaction_stocks_stock_serial_number_fkey FOREIGN KEY (stock_serial_number) REFERENCES public.stocks(serial_number);


--
-- Name: transaction_stocks transaction_stocks_transaction_id_fkey; Type: FK CONSTRAINT; Schema: public; Owner: postgres
--

ALTER TABLE ONLY public.transaction_stocks
    ADD CONSTRAINT transaction_stocks_transaction_id_fkey FOREIGN KEY (transaction_id) REFERENCES public.transactions(id);


--
-- Name: transactions transactions_item_id_fkey; Type: FK CONSTRAINT; Schema: public; Owner: postgres
--

ALTER TABLE ONLY public.transactions
    ADD CONSTRAINT transactions_item_id_fkey FOREIGN KEY (item_id) REFERENCES public.items(id);


--
-- PostgreSQL database dump complete
--

\unrestrict KW5N77GykGbgJ4FKeQydyZJfuXKtkcZaDXhb1d4VYbTptVr5I4wlKyfBpxkJYO4

